{
	"close":false,
	"natures":["egretProject"],
	"resourcePlugin":{
		"configs":[{
				"configPath":"resource/default.res.json",
				"relativePath":"resource/"
			}],
		"id":"org.egret-labs.resource",
		"library":{
			"children":[
				{
					"isFolder":false,
					"key":"BackBtn1_png",
					"name":"BackBtn1_png"
				},
				{
					"isFolder":false,
					"key":"BackBtn_png",
					"name":"BackBtn_png"
				},
				{
					"isFolder":false,
					"key":"Dialog_png",
					"name":"Dialog_png"
				},
				{
					"isFolder":false,
					"key":"GameBG1_jpg",
					"name":"GameBG1_jpg"
				},
				{
					"isFolder":false,
					"key":"GameBG2_jpg",
					"name":"GameBG2_jpg"
				},
				{
					"isFolder":false,
					"key":"GameBG3_jpg",
					"name":"GameBG3_jpg"
				},
				{
					"isFolder":false,
					"key":"MoneyBG_png",
					"name":"MoneyBG_png"
				},
				{
					"isFolder":false,
					"key":"MoneyPic_png",
					"name":"MoneyPic_png"
				},
				{
					"isFolder":false,
					"key":"PageDownBtn_png",
					"name":"PageDownBtn_png"
				},
				{
					"isFolder":false,
					"key":"PageUpBtn_png",
					"name":"PageUpBtn_png"
				},
				{
					"isFolder":false,
					"key":"ResultBtn1_png",
					"name":"ResultBtn1_png"
				},
				{
					"isFolder":false,
					"key":"ResultBtn_png",
					"name":"ResultBtn_png"
				},
				{
					"isFolder":false,
					"key":"Result_png",
					"name":"Result_png"
				},
				{
					"isFolder":false,
					"key":"StartBtn1_png",
					"name":"StartBtn1_png"
				},
				{
					"isFolder":false,
					"key":"StartBtn_png",
					"name":"StartBtn_png"
				},
				{
					"isFolder":false,
					"key":"WordFrame_png",
					"name":"WordFrame_png"
				},
				{
					"isFolder":false,
					"key":"YesBtn1_jpg",
					"name":"YesBtn1_jpg"
				},
				{
					"isFolder":false,
					"key":"YesBtn_jpg",
					"name":"YesBtn_jpg"
				},
				{
					"isFolder":false,
					"key":"btn_disable_png",
					"name":"btn_disable_png"
				},
				{
					"isFolder":false,
					"key":"btn_music_down_png",
					"name":"btn_music_down_png"
				},
				{
					"isFolder":false,
					"key":"btn_music_png",
					"name":"btn_music_png"
				},
				{
					"isFolder":false,
					"key":"btn_sound_down_png",
					"name":"btn_sound_down_png"
				},
				{
					"isFolder":false,
					"key":"btn_sound_png",
					"name":"btn_sound_png"
				},
				{
					"isFolder":false,
					"key":"gs_select_1_png",
					"name":"gs_select_1_png"
				},
				{
					"isFolder":false,
					"key":"gs_select_dis_png",
					"name":"gs_select_dis_png"
				}
			]
		}
	},
	"theme":"resource/default.thm.json"
}